nome,data_nascita,email
luca neri,12-03-1997,luca.neri@gmail.com
mario verdi,12-02-1996,marioverdi@gmail.com
lucia mazzoni,22-05-1991,luciamazzoni@gmail.com
pablito pal,28-2-1998,pablito@gmail.com
sandra mata,05-10-2000,mark97@example.com
jennifer webster,06-01-1978,scottgibson@example.net
kari anderson,15-12-1969,yhawkins@example.org
anna rogers,01-02-1987,alvin23@example.net
jeff estes,01-09-1980,garciacurtis@example.net
tyler dillon,01-03-1980,doris02@example.com
joshua davenport,21-03-1990,sarahcooper@example.com
aaron barrett,24-08-1971,laura29@example.com
jeremy wells,02-11-1983,sarahmartin@example.net
alfred king,13-06-1968,jennifer99@example.org
curtis gray,15-12-1996,donnareeves@example.net
melanie patel,25-08-1977,angelajohnson@example.net
alexis chavez,06-01-1973,gzhang@example.com
cynthia foster,13-06-2001,hawkinstodd@example.org
william robinson,21-06-1965,cameronolson@example.net
rhonda kim,15-07-1974,scottbaker@example.org
james robinson,30-06-1999,crussell@example.com
michelle ramirez,20-12-1985,samuel05@example.org
heidi hicks,19-12-1987,samantha18@example.com
john pineda,28-08-1980,jacobsonjamie@example.net
olivia davis,29-04-1971,barbara20@example.org
raven rodriguez,14-11-1976,hawkinsmadeline@example.com
jeremy lee,14-08-1976,bensoncynthia@example.org
miranda glass,13-10-1981,ryanwilliams@example.org
sean gilbert,04-06-1998,kyle14@example.com
colin calderon,21-07-2002,julie01@example.org
robert garcia,24-09-1987,iangonzalez@example.com
justin hughes,05-01-1989,tatedarren@example.net
rachel love,03-05-1989,elevy@example.com
justin west,15-10-1968,richard49@example.net
terri elliott,21-04-1990,hmitchell@example.net
isaac brooks,16-09-1970,kingteresa@example.net
amber merritt,02-10-1980,kevin73@example.net
sean walton,15-04-1965,moorefrank@example.org
julie barry,02-04-1969,bryantdavid@example.net
lawrence bright,04-05-1996,amy20@example.org
mary hart,29-08-1988,fergusondenise@example.net
ana garza,26-09-1967,ginadavis@example.net
cory lee dvm,21-11-1984,reidmichael@example.net
samantha cooper,05-02-1985,adamsdiana@example.org
sean moore,27-04-1979,nicoledavis@example.com
michael reed,16-10-2000,barronkimberly@example.net
ethan bryan,06-10-1969,johnsoncristian@example.net
brittney campbell,23-10-1975,egill@example.com
jeremy maldonado,18-03-1964,loribell@example.net
ashley hernandez,16-06-1969,hcole@example.com
nicholas sanchez,10-05-1998,youngapril@example.com
michael barnes,27-06-1980,phillipstyler@example.org
jeffrey sharp,11-12-1987,ashleysmith@example.com
tina miller,02-02-2003,josephbartlett@example.org
madison jones,02-07-1987,wdominguez@example.org
lisa ponce,07-06-1989,estone@example.org
john stewart,22-02-1993,maryjackson@example.org
brianna fox,30-12-1998,ramirezjustin@example.com
amanda foley,27-07-1992,allenlisa@example.net
randy delgado,05-05-1996,kbarnes@example.net
jessica cochran,08-12-1993,corey01@example.net
amanda molina,05-05-1992,brendasexton@example.org
teresa gray,29-03-1975,ambersimon@example.net
crystal lloyd phd,02-11-1990,aaronwright@example.org
christopher morgan,29-04-1968,john71@example.com
tristan lowery,28-10-1965,kfrye@example.com
jessica collins,15-05-2001,cadkins@example.net
deanna keller,01-12-1985,lindahammond@example.net
melissa moore,30-12-2000,garrisonbrian@example.org
william roman,02-09-1986,sharonsharp@example.com
john estrada,31-08-1970,megan82@example.org
virginia bowers,14-06-1967,efuller@example.net
ashley cervantes,21-01-1964,timothy81@example.net
mrs. melissa williams,21-01-1970,meganclark@example.net
laura alexander,21-12-1967,morenoanthony@example.org
james harris,10-10-1993,robert20@example.net
brenda villarreal,01-01-2000,gstephenson@example.com
brenda brown,18-06-1995,april02@example.com
andrew kennedy,04-08-1991,palmerjo@example.com
david clayton,01-06-2002,jesus23@example.net
anthony stone,01-01-1986,watkinscasey@example.net
susan graves,08-07-1966,michaelkennedy@example.com
austin warren,19-07-1987,bglass@example.org
matthew hill,12-07-1991,george05@example.net
martha palmer,18-12-1971,ygarrett@example.org
jennifer sanchez,04-04-1975,pdavis@example.net
lisa garza,05-02-1973,ogonzalez@example.org
bobby campbell,16-12-1989,navarrojordan@example.net
melissa pineda,04-08-1999,davidphillips@example.com
greg schmidt,24-12-1968,william80@example.org
tina cochran,20-07-2003,tracybarrett@example.org
brooke smith,16-07-1995,wayne08@example.org
nicholas roth,02-04-1998,ugarcia@example.net
lisa hodges,24-04-1991,holly95@example.com
jeffrey sparks,10-07-1977,kristen29@example.com
samuel stein,31-10-1983,robertsdebra@example.com
brianna glass,20-08-1998,holtphillip@example.net
dana henry,23-05-1985,joshuamedina@example.org
richard manning,21-07-1997,jennifernicholson@example.org
jennifer pruitt,03-06-1982,oprice@example.org
anthony hodges,15-08-1968,byrdtheodore@example.net
shawn nixon,31-07-1973,susan40@example.net
sarah ruiz dvm,11-05-1976,colelinda@example.net
ryan rollins,09-06-1997,parkerandrea@example.net
edward garcia,17-12-1976,tuckerjessica@example.com
keith harmon,04-04-1978,williamsjohn@example.com
deborah cook,21-06-1990,chernandez@example.org
christopher ball,22-02-1978,nicolethomas@example.org
debra burns,06-07-1979,jamescurtis@example.net
michael williams,24-02-1995,rayjoseph@example.net
raymond mcmillan,31-12-2002,christiannichols@example.com
bill garza,15-11-2000,davisaustin@example.net
mr. jonathan harrell,16-08-1995,hgraham@example.com
joseph munoz,19-02-1988,nicholastorres@example.com
jennifer johnson,01-05-1983,erobles@example.net
austin schneider,12-10-1988,eashley@example.org
brianna cooper,22-04-1994,allisonmartin@example.org
tracey brown,15-01-1994,wendysharp@example.com
thomas wells,06-11-1972,tinapoole@example.com
anthony moran,03-01-1992,rodgersjudy@example.com
phillip frederick,10-06-1974,zcarroll@example.org
sophia thompson,05-06-1981,alopez@example.com
jonathan thompson,03-09-1987,igill@example.com
lisa moore,26-03-1974,jasmine32@example.net
kenneth walker,08-11-1992,vharvey@example.net
alyssa hicks,12-11-2002,qsimpson@example.com
nancy pittman,17-05-1981,cruzsergio@example.com
joanne murray,08-02-1980,dawnmatthews@example.org
aaron peters,08-11-1968,spencer44@example.org
james dunn,20-11-1976,adrian45@example.com
andrew poole,08-05-1999,alexismason@example.org
mrs. monique diaz,19-08-1993,masondaniel@example.net
gary woods,31-01-1970,bruce55@example.com
sarah harris,22-08-2003,charlesedwards@example.com
susan braun,31-03-1970,ggonzales@example.org
eric bell,12-09-1974,joncameron@example.org
paige bradley,09-05-2003,willischelsea@example.com
christina white,17-08-1965,kathleen92@example.org
james johnson,01-01-1989,bjimenez@example.com
katrina morgan,23-04-1980,dmiller@example.org
james byrd,17-05-1976,njames@example.net
chris mcbride,10-11-1963,kirkrachel@example.net
jason smith,09-11-1982,ashleyray@example.org
joshua payne,26-08-1984,nwest@example.com
kenneth kelly,03-07-1999,davidturner@example.org
kevin noble,07-06-2002,smithleah@example.net
michael rocha,07-04-1985,stevenclements@example.net
angela lynch,20-10-1986,stevenhill@example.org
jerome fleming,26-06-2000,gonzalezmichelle@example.net
jonathan atkinson,15-08-1990,kennedymatthew@example.com
william thompson,31-03-2002,bradleyfernandez@example.net
stuart henderson,02-04-1982,timothystevenson@example.net
stephanie young,30-11-1988,allison56@example.net
amy kemp md,25-06-1973,wallerrebecca@example.org
william ponce,26-12-1980,jonessheila@example.org
jacqueline jones,29-07-1972,amanda59@example.net
thomas walker,23-03-1969,margaretmahoney@example.net
amanda hamilton,30-03-1973,kristin54@example.net
christina lynch,22-01-1979,bryanritter@example.com
ariana todd,14-06-1981,davislaura@example.org
sharon rivers,18-07-1997,christopherolson@example.net
sean hull,14-04-1988,davidmurphy@example.net
tanya mosley,14-08-1982,bwhite@example.com
whitney rose,18-08-1984,ghebert@example.net
christine chapman,18-03-1990,singletonrichard@example.org
margaret booth,16-07-1990,elizabeth17@example.com
david glass,06-12-1996,jpalmer@example.com
thomas cuevas,18-09-1981,melissa12@example.com
mario roy,14-09-1974,linda35@example.com
olivia henry,14-12-1964,april85@example.org
kristen lewis,12-02-2003,brianna82@example.org
tammy ford,27-06-1983,lisa25@example.net
kenneth alexander,23-12-1995,johnmcdonald@example.com
jorge hamilton,11-02-1990,williamcastro@example.net
kimberly carter,24-05-2002,uphillips@example.net
summer jacobs,28-12-2001,cjohnson@example.net
amanda phillips,19-08-1990,steven52@example.org
johnathan hughes,04-04-1996,parkereric@example.com
susan park,22-03-1969,freyjoel@example.com
martin adams,01-12-1988,tyler46@example.com
jordan houston md,31-08-1980,dcabrera@example.org
richard diaz,10-08-1990,meganjames@example.com
julie mack,05-09-2004,manuel37@example.com
samantha andrade,20-09-1975,adamsmaureen@example.net
jacob butler,16-02-2002,michaelsanchez@example.org
sarah leblanc,25-06-1996,xjones@example.org
jacob wallace,28-05-1975,jbutler@example.org
stacey ortega,26-08-1987,manningtimothy@example.net
alyssa singh,04-02-1995,timothy93@example.com
louis clay,10-11-1989,amanda54@example.org
kimberly watson,14-06-1986,wmartin@example.org
kevin wilson,26-03-1988,petersanders@example.net
anthony fox,29-09-1989,branditaylor@example.net
douglas obrien,12-07-2004,toddsmith@example.org
julie palmer,13-12-1979,hrobinson@example.net
tom jones,12-07-1985,benjamin92@example.net
heather coleman,14-01-1965,tina49@example.org
christian warren,09-11-1977,bettydavis@example.com
amanda wood,15-03-1984,emma59@example.org
zachary martin,01-11-1986,bwood@example.net
jeffrey west,14-10-1993,fischerjoseph@example.net
jesse brown,22-11-1989,boydbethany@example.org
nathaniel aguilar,17-11-1966,scott24@example.org
mike moreno,09-10-1990,ritaglenn@example.net
jennifer foley,04-03-1996,reedmelissa@example.com
stacy martinez,27-10-1972,harperkrista@example.org
paul richardson,21-02-1984,nparsons@example.com
mark adams,17-12-1977,james95@example.org
james cochran,27-05-1988,georgelucas@example.com
dr. stephanie miller,12-08-1978,jeff17@example.org
travis barrett,18-01-1982,david86@example.com
russell hubbard,17-02-1979,ikramer@example.com
charles stokes,10-02-1975,trevorrandall@example.net
alex boyd,17-08-1984,sherry55@example.com
christine thompson,17-02-1994,mcampos@example.net
jordan johnston,09-07-1988,ulawrence@example.com
linda keith,30-08-1997,svaldez@example.org
dean sanchez,03-10-1963,kelli00@example.net
ian knight,09-05-1995,patricia62@example.com
raven garcia,14-07-1977,dudleyryan@example.org
eric jones,02-12-1969,calderondanielle@example.com
bobby jones,04-03-1978,ksullivan@example.net
miss jamie wells,17-10-1989,whitematthew@example.net
christina hernandez,24-07-1997,kevin86@example.net
jeffrey fields,16-09-1992,ashley29@example.net
danny forbes,20-09-1979,dgill@example.net
bryce york,17-06-1980,craig97@example.com
peter cooper,08-12-2003,sandra13@example.com
adam lane,07-01-1967,mary37@example.com
ryan chambers,06-03-1974,joanna93@example.net
madison singh,12-01-1988,vbarnes@example.org
brian dalton,22-12-1979,warrenrita@example.org
antonio mcdaniel,29-08-1986,rsims@example.org
corey griffin,28-06-1973,dwilliams@example.com
mark snow,18-11-1985,krodriguez@example.net
mr. charles reed dvm,02-02-1965,yjohnson@example.com
jonathan schroeder,28-03-1975,reynoldscrystal@example.net
donna heath,29-03-1966,zachary97@example.org
matthew morgan,11-02-1997,zmurray@example.org
tamara white,12-07-1993,jamiepeck@example.org
dawn reynolds,27-12-2000,gabrielwilliams@example.com
douglas king,21-05-1973,nwilliams@example.com
laura ramos,30-09-2000,xrodriguez@example.com
melissa english,28-12-1986,carolyoung@example.com
alice hernandez,29-11-1997,joshuamoore@example.net
gregory hernandez,09-01-1969,melissa12@example.net
mrs. jennifer elliott phd,30-03-1965,mooresabrina@example.org
chelsea jones,26-06-2003,robertadams@example.org
sean murillo,12-01-2004,kirbymark@example.net
alexander newman,25-01-1976,brian09@example.net
lindsey rivera,10-02-1990,seanscott@example.com
mary boyd,29-09-1986,smercado@example.com
joshua phillips,23-06-1985,kbutler@example.net
matthew smith,21-06-1991,larry62@example.net
christopher murray,22-07-1998,hammonddeanna@example.com
steven smith phd,03-06-1964,hmorse@example.com
nicole bauer,08-12-1964,kevin38@example.org
julie mcguire,19-04-1986,nathaniel70@example.org
stephanie parker,14-04-1964,jasmine66@example.org
sarah watson,25-02-1990,nicole06@example.com
pamela olson,04-11-1972,orichmond@example.com
mrs. alexis carr,06-04-1998,adamstimothy@example.com
david obrien,10-12-1979,mccoybarry@example.com
dr. victoria lee,14-09-1986,bruce27@example.org
mary anderson,10-11-2003,wmueller@example.net
gerald mcmillan,16-10-1976,qjackson@example.org
john harris,19-10-1979,kaitlyn10@example.org
patricia blackburn,21-05-1973,zharris@example.org
mr. william taylor,14-03-1976,michael31@example.net
gregory hancock,30-07-1973,jenny41@example.com
kathy lewis,13-10-1997,dennisberg@example.org
emily clark md,28-09-1993,alozano@example.com
mark zamora,26-08-2002,beverly09@example.org
jason knapp,26-04-2000,tinatownsend@example.com
jacob randolph,03-06-1998,donna39@example.com
brenda martin,04-01-1989,charles80@example.net
amanda rodriguez,21-08-1991,browncatherine@example.com
zachary mitchell,10-02-1970,rthomas@example.org
benjamin lopez,27-02-2004,claireroy@example.com
alice jones,15-12-1994,bowenamber@example.com
gina jackson,04-10-1998,meredith69@example.com
terri choi,31-03-1970,robertjohns@example.com
jessica cooke,13-09-2000,mayregina@example.org
dr. patrick pena,07-09-1981,daniel20@example.net
alexandria green,06-02-2001,millernancy@example.net
kyle shaw dds,13-12-1988,xavierdouglas@example.org
jonathan scott,23-05-1982,heather88@example.net
joshua king,12-04-1990,qthomas@example.org
mr. bobby sutton,20-05-2000,qbell@example.net
terry daugherty,20-09-1967,berrycameron@example.net
sarah evans,16-07-1996,cabrerarebecca@example.org
christina adams,27-07-1969,wyattellen@example.net
christopher whitehead,30-09-1995,calhounjenna@example.net
jordan adams,02-06-1965,lambertchristina@example.net
vanessa allen,29-07-1971,kentkenneth@example.net
emma moore,06-09-1970,samantha41@example.net
barbara sharp,21-11-2003,cooperchristopher@example.org
sally johnson,06-07-2004,robert52@example.org
lindsay andrade,04-02-1985,angela45@example.com
wendy jones,28-11-1987,ayoung@example.org
william johnson,12-04-1966,robertsjeffrey@example.org
becky miller,31-01-1997,austinpatrick@example.org
lauren smith,24-05-1989,michelle29@example.com
claire reed,30-03-1992,kenneth30@example.org
maria chavez,27-02-1990,jeffrey28@example.com
kyle kirby,20-11-2001,ujackson@example.net
david weber,28-11-1994,becky78@example.com
ms. laura henderson,10-06-1997,brookejoseph@example.com
mallory harris,07-02-1987,ebass@example.net
angela ayala,27-05-1998,andreafernandez@example.net
lisa potter,10-06-2003,mary35@example.org
ian kennedy,28-09-1971,xmartinez@example.org
jessica johnson,27-05-1979,phillipallen@example.net
matthew davidson,14-11-1998,kgraham@example.com
jennifer murillo,28-08-1988,jhudson@example.net
aaron kelly,28-12-1996,rebecca38@example.net
john jackson,05-02-1994,hamiltonjose@example.org
bryan pearson,20-04-1975,scottjeffrey@example.com
john ponce,23-10-1978,fday@example.org
christopher stevens,18-04-1968,brian14@example.net
maria lewis,11-01-1977,evelynsmith@example.net
thomas winters,26-01-1991,yolanda87@example.com
dr. ruth russell,29-03-1990,mwhite@example.org
douglas little,07-05-1995,abigailhernandez@example.org
diamond hopkins,16-04-1973,sherry15@example.net
shelly allen,09-01-2004,julia87@example.com
alison walker,27-09-2003,jmercado@example.com
carolyn boyd,20-02-1985,angela04@example.org
elizabeth evans,11-10-1987,fsmith@example.net
gina mcintyre,06-02-1976,patriciapowell@example.com
jody jones,18-03-1991,xshea@example.net
james brown,05-04-1980,colerobert@example.com
peggy mccarty,01-04-1971,william73@example.com
stephen long,05-10-1983,tonya08@example.net
laurie george,28-03-1992,rbrown@example.net
ryan black,09-06-1985,bwhite@example.net
charles bennett,05-09-1982,darrenwolfe@example.com
april webster,18-11-1968,xdiaz@example.com
michael rivera,31-08-1970,ffox@example.net
nicole brown,18-03-1996,matthew63@example.net
jennifer allison,25-11-1972,cmarks@example.net
heather reilly,17-01-1992,martinpaul@example.com
andrew anderson,09-04-1980,gregoryellis@example.net
john branch,18-01-1985,hchan@example.com
jon gibson,17-12-1988,martin51@example.net
bryan mccormick,21-09-1989,harmontyler@example.net
amanda gutierrez,03-02-1994,angela10@example.net
kenneth payne,08-08-1972,walshtimothy@example.org
nathan cook,13-12-1982,hernandezaaron@example.org
heather jones,24-05-1981,tlee@example.com
larry miller,28-11-1972,julian43@example.net
austin jones,19-03-1977,eanderson@example.net
jeanne gutierrez,03-04-1979,xcardenas@example.com
jessica fry,17-11-1983,erica91@example.org
cynthia ramirez,24-05-1970,myerskatherine@example.net
kelli cohen,09-03-1972,briannacollier@example.com
mr. william kirby dds,09-07-2000,taylorsmith@example.net
kimberly smith,01-08-1977,thomasgibson@example.net
jerry gonzales,16-08-1978,jameslowery@example.org
nathan fisher,20-11-1973,dprince@example.com
brandon martinez,19-01-1997,cjohnson@example.com
megan gonzalez,29-06-1984,davidhickman@example.org
mr. jack brown md,19-05-1994,qsandoval@example.org
pamela robinson,30-05-1978,hillhaley@example.net
joshua mcdonald,03-09-1979,kevin71@example.net
elizabeth michael,13-04-1978,obuchanan@example.org
kathy benitez,19-01-1996,tsmith@example.net
david bell,26-06-1982,flee@example.org
angela porter,21-12-1978,treynolds@example.net
mrs. jessica sullivan md,04-08-1986,adambennett@example.org
kevin cline,02-10-1963,shawna49@example.org
louis phillips,07-11-1994,juan25@example.org
craig robbins,17-09-1975,jenniferkeith@example.com
alexandra nelson,22-07-1991,donaldtran@example.com
lorraine smith,23-04-1990,tina82@example.com
jonathan moore,05-07-1999,charlesgomez@example.net
cody morris,19-12-1967,johnsonmaureen@example.net
linda rose,26-10-1984,traceyharris@example.org
nathan potter,18-07-1983,jerry55@example.com
james ochoa,03-01-2003,amyburns@example.org
carlos davis,14-01-1988,patrick20@example.net
clayton benson,13-10-1974,mvargas@example.org
robin ballard,14-10-2002,jenniferkim@example.net
anthony reed,20-11-1998,jhart@example.org
alison anderson,13-03-1975,moorechristopher@example.net
james hutchinson,18-06-1995,kimberly21@example.org
jonathan ponce,23-09-1965,nathanbrown@example.org
benjamin poole,17-09-1969,kristy97@example.net
ana barker,05-08-2003,justin14@example.net
terry carlson,18-05-1992,perkinssarah@example.com
cody allen,17-02-1976,cbarnes@example.org
leonard santos,22-12-1989,gmora@example.net
jonathan williams,30-06-1968,robertbishop@example.com
jessica williams,10-12-1995,elizabeth39@example.org
billy hughes,09-09-1969,mjohnson@example.org
jeffrey washington,13-11-1982,uhowell@example.org
elizabeth perkins,04-02-1971,bakerlori@example.org
barbara lopez,09-03-1972,tiffanytrujillo@example.net
melissa tran,12-11-1993,qellison@example.org
jeremy brewer,04-05-1996,donald53@example.net
anthony osborn,12-10-1968,crystalryan@example.org
ryan brewer,23-06-1989,brittney30@example.org
elizabeth cruz,06-09-1972,garzajeremy@example.net
gabriel glenn,26-05-2000,huntelizabeth@example.com
margaret schwartz,22-02-1985,garyjames@example.com
lisa garcia,05-02-1994,uhodges@example.net
christopher williams,27-07-1979,mariacampbell@example.com
emma king,25-10-1990,monique32@example.net
jason cross,29-05-1972,bbaird@example.net
rebecca barker,04-08-1990,thomas40@example.org
summer turner,17-03-1990,newmanstephanie@example.com
lynn ortiz,19-09-1988,philliphanson@example.org
mary wright,11-07-1997,eking@example.com
joanne garner,25-02-1986,alberthiggins@example.net
michelle hanson,09-10-1999,qboone@example.com
tina knox,12-01-1990,carterphillip@example.com
scott mathis,25-10-1993,jaclynstone@example.com
christina galloway,03-03-1977,paul66@example.net
amanda garcia,06-04-1994,kendranichols@example.net
daniel garcia,03-06-1974,jordan62@example.com
barbara bryan,20-04-1974,harrismatthew@example.net
shawn tyler,05-04-1993,michael28@example.com
paul kennedy,25-10-1985,michaelpowell@example.net
tara gonzales,15-04-1989,carneyoscar@example.net
ethan fisher,03-12-1968,tfoley@example.com
donald peck,15-09-1991,ualexander@example.com
randall perez,21-11-1976,ccordova@example.net
daniel thompson,15-05-1991,christopheraguirre@example.org
brian gonzalez,07-09-1976,longdonald@example.org
luke nielsen,19-02-1992,tyoung@example.org
bernard chapman,16-03-1970,brandy06@example.org
terry berry,17-12-1997,blake96@example.org
martha williams,04-08-1968,sierra71@example.org
john johnson,12-08-1973,zsilva@example.com
cameron scott,10-12-1974,patrickalvarez@example.org
leah acevedo,19-11-1994,kaitlyn74@example.org
eric palmer,12-03-1972,alicialawson@example.com
sophia leonard,05-02-1966,samantha10@example.com
travis gray,02-03-1977,melanie50@example.com
david frank,17-01-1999,daniel09@example.org
pam craig,25-01-2004,reginaldallen@example.com
rachel white,10-02-1975,victoriahall@example.org
kenneth rodriguez,07-02-1993,edwardsjustin@example.com
marc davis,26-03-1991,patricia72@example.org
trevor vasquez,06-05-1968,jenkinseric@example.net
deanna hickman,27-03-1965,fanderson@example.org
joshua james,25-05-1975,psanders@example.com
jamie kerr,18-08-1992,tommyjohnson@example.com
kathleen potter,15-08-2004,sanderssarah@example.com
jeremy ramos,14-09-1977,thomascheryl@example.net
steven thompson,23-08-1999,jasmine99@example.net
jacob perez,07-08-1971,rebeccawells@example.com
cynthia taylor,30-04-2003,parsonsdebbie@example.net
danielle burke,25-03-1988,jenniferdiaz@example.net
jack washington,09-10-2000,snielsen@example.com
cassie fletcher,11-11-1998,laura50@example.net
christopher lawrence,20-02-1994,jack93@example.com
steven glenn,04-04-1967,karen44@example.com
lauren dixon,17-05-2000,claire84@example.org
linda smith,26-09-1990,jerome91@example.net
joseph smith,29-10-1965,gonzalezjohnny@example.net
nicole williams,26-06-1984,paula71@example.org
chad gilbert,19-07-1998,michaelmontgomery@example.com
melanie jenkins,10-09-1974,sherri59@example.com
lee allen,23-03-1972,danahouston@example.net
elizabeth duran,15-09-1969,vhines@example.com
sue maldonado,28-03-1980,lvaldez@example.net
brandon jones,25-10-1983,francisdavid@example.com
jennifer suarez,07-12-1994,gsawyer@example.com
lauren miles,06-09-1985,williamsjeremy@example.com
brandon carr,16-12-2002,deborahbeasley@example.com
tiffany padilla,05-08-1999,amartinez@example.net
wayne jones,22-09-1991,dcollins@example.com
joshua serrano,12-01-1974,dicksonkenneth@example.com
timothy allen,22-09-1994,greenjohn@example.com
victoria allen,18-11-1980,elizabethruiz@example.net
gail baker,04-09-1976,petersalan@example.net
dawn caldwell,05-04-1977,zreynolds@example.org
kathryn valencia,22-01-1977,saundersbrad@example.org
stephanie ford,15-07-1989,larry10@example.org
michael norris,09-11-1996,klogan@example.com
alvin meyer,19-01-1979,bakerpatty@example.net
manuel gray,30-07-1976,cthomas@example.com
jerry king,19-06-1987,veronicamassey@example.net
christina burns,18-02-2003,hannah18@example.com
christine brewer,29-03-2001,justinmiller@example.org
michelle jones,14-04-1995,cyoung@example.com
gary barber,12-12-1990,jonthompson@example.net
katie rodriguez,04-04-1987,torresdonna@example.net
kyle norman,13-10-1965,whitenicole@example.org
christopher lane,07-03-1999,christophergriffin@example.com
james lynch,18-09-1991,carrillostephanie@example.com
jeffery waters,16-06-1981,samantharichardson@example.org
vincent robinson,13-07-1967,ooconnell@example.org
richard wheeler,02-04-1974,mayertiffany@example.com
angela rocha,01-07-2002,briana29@example.com
david fleming,23-08-1976,velasquezdiane@example.com
edward beasley,14-08-1978,kaitlynthompson@example.net
james juarez,29-01-1968,caldwellmark@example.com
leonard fisher,13-09-2002,lreyes@example.org
regina mcclure,03-12-1966,eruiz@example.net
marissa moore,18-09-2001,alexis10@example.org
thomas carter,28-07-1989,alexanderharry@example.com
david smith,18-01-1984,davidsonebony@example.com
david williams,05-12-1963,kelseydickerson@example.com
joanna valdez,24-06-1981,amybarnett@example.net
lauren hicks,12-05-1992,tbryant@example.com
michael wilson,10-08-1979,kevin47@example.net
sandra gomez,04-02-2004,robersonjennifer@example.org
jordan cruz,05-06-2000,aperkins@example.org
teresa wilson,06-03-1994,kylehudson@example.com
crystal holmes,21-05-1971,daniel02@example.org
brittany robinson,28-05-1972,zamoraheather@example.org
michele sanchez,17-05-1995,christopherallen@example.com
gabriel lara,01-01-1977,nfields@example.com
jason anderson,12-06-1994,garrettjason@example.org
bailey lindsey,27-09-1994,cynthiavega@example.net
joseph beltran,14-04-1998,vicki43@example.org
steven flowers,30-11-1966,andrewilliams@example.net
chad martin,12-10-1976,mike90@example.com
christopher smith,02-10-1990,martinezjon@example.net
rachel gordon,07-01-1990,bradleyrose@example.org
jeremy golden,09-01-1986,lford@example.org
travis santana,15-06-1968,kaylapowell@example.net
joseph wallace,29-10-1993,bethany81@example.net
regina jackson,03-03-1995,hailey96@example.com
peter edwards,07-08-1991,malonekatie@example.net
daniel black phd,30-08-1988,valerieroberts@example.com
april keller,24-11-1994,catherinematthews@example.net
mr. john taylor dds,31-10-1968,chaselara@example.org
bradley jenkins,16-11-1977,judy83@example.net
john brown dds,27-01-1999,ylee@example.com
anthony sullivan,21-10-1976,gregorymiddleton@example.com
zachary jimenez,08-06-1989,hwilliams@example.com
rachel johnson,14-05-2002,eleach@example.org
kevin choi jr.,21-07-1996,karenbryant@example.com
jennifer allen,14-04-1975,brian63@example.com
tonya davis,26-04-1964,rojaskatelyn@example.com
randy hickman,27-09-1999,wcox@example.org
renee carey,06-06-1972,michellebyrd@example.net
matthew harper,21-08-1980,reyeskathy@example.com
dakota ray,20-08-1983,christopherbrown@example.org
rita chavez,18-12-1966,robertmartin@example.com
seth snow,30-08-1979,marycastillo@example.org
tonya alexander,03-01-2000,amberlittle@example.com
henry garner,16-11-1971,john44@example.com
jim adams md,24-11-1994,jkim@example.com
christina knight,22-05-1978,duncanjason@example.net
brandon burke,11-11-1966,yhansen@example.net
mark lawrence,16-02-1994,rrandall@example.net
john anderson,04-04-1987,kbutler@example.com
jesse dominguez,22-08-1980,allenvalerie@example.net
robert snyder,19-04-1973,katherine53@example.net
eric sanchez,01-06-1972,vincentgould@example.net
stephen williams,09-07-1991,rodriguezeric@example.org
corey wilson,22-01-1977,mullinsclaudia@example.org
kyle chambers,07-10-1983,chenerica@example.net
victor young,16-02-2003,harrissandra@example.net
john thompson,18-11-1998,hoffmansylvia@example.net
jose alvarado,22-01-1980,nhuber@example.org
harry walker,13-04-1993,sherridixon@example.com
haley peterson,29-03-2003,tina75@example.com
mr. todd lewis,27-12-1999,nicolemartinez@example.net
robert newman,31-12-1977,sara33@example.org
michelle frederick,04-02-1964,kimreyes@example.com
devin kelley,24-12-1993,hmckay@example.com
john townsend,09-08-1988,seanenglish@example.org
casey wallace,22-04-1990,hailey49@example.com
robert thomas,22-09-1964,jason80@example.org
erik riley,07-03-1967,denise00@example.org
terry long,05-03-2000,benjamin08@example.com
cody anderson,16-09-1979,knielsen@example.com
marie morales,15-04-1996,webersandra@example.org
james gilbert,19-09-1993,welchkimberly@example.net
cynthia spencer,07-01-2002,nicholas13@example.net
carrie hall,06-07-1991,tiffanygreene@example.com
rita brown dds,07-07-1978,michaelaguilar@example.net
andre howell,02-02-1990,zgallegos@example.org
heidi stanley,01-08-1977,rebecca92@example.com
vincent martinez,08-04-2001,wendyday@example.com
heather brown,04-07-1964,timothyho@example.org
christine mckee,18-04-1966,christopher88@example.net
joshua ramirez,03-08-1990,beasleybarbara@example.com
timothy cisneros,27-10-1970,qcarpenter@example.net
dylan watkins,03-04-1995,timothy84@example.org
andrew woods,17-07-1983,patriciasmith@example.com
alexa hernandez,09-09-1970,michellegray@example.org
christopher valdez,30-06-1993,khernandez@example.com
curtis hampton,08-10-1990,jonathan94@example.net
sherri simpson,09-11-1975,ustokes@example.net
michael paul,13-07-1985,bthompson@example.com
cheryl kline,27-12-1982,jsingleton@example.net
gregory sullivan,16-08-1997,taylortimothy@example.com
jeffrey harris,14-06-1965,sarah77@example.org
michelle gentry,19-01-1992,danagarrison@example.com
jenna miller,07-03-1973,rodriguezlisa@example.com
alicia haney,24-04-1969,deborahyork@example.com
nicole evans,23-06-1992,alynch@example.com
victoria lin,16-12-1996,juliamccoy@example.com
david day,26-11-1967,hobbschristina@example.net
carl shepard,04-07-1987,amanda68@example.com
tyler davis,12-01-1971,tracywilliams@example.org
daniel salinas,29-06-1971,allison98@example.org
mary whitney,20-07-1982,ohammond@example.net
jonathan west,31-08-1987,watkinserin@example.com
tanya huerta,10-04-1989,christopherritter@example.com
scott pierce,22-12-1974,zmartin@example.com
leslie manning,16-12-1995,jennifermitchell@example.org
heather whitehead,27-01-1971,joshualee@example.net
jeffrey harrison,27-11-1966,qanderson@example.org
charles henry,08-08-1966,calebcabrera@example.net
julie parker,22-02-1979,cummingsmichelle@example.com
tyler clarke,19-04-1973,ujohnson@example.org
robert george,04-06-1976,erichards@example.net
kimberly carey,25-09-1990,mwilson@example.net
brian harris,17-06-1993,ablair@example.org
jeremy wilkerson,31-01-1988,floresmichael@example.org
kelly francis,08-07-2004,dianebuchanan@example.com
jerry wilson,20-08-1994,matthew55@example.net
stephen harrison,27-02-1975,nherman@example.com
jeff bell,12-12-1995,jameshenry@example.org
andrea thompson,20-12-1992,jasonbaker@example.net
cathy freeman,04-11-1969,travisparker@example.net
paul smith,04-08-1965,vwu@example.net
stephen martinez,21-09-1979,hvelasquez@example.com
angela johnson,26-04-1974,ppatrick@example.net
louis johnson,04-02-1986,uwilson@example.net
william gray,09-06-1995,cooperedward@example.net
william waters,07-04-1978,mfowler@example.net
jesse rogers,07-08-1989,allenthomas@example.net
william knight,10-12-1992,klawrence@example.net
dylan cook,18-07-1983,lambertjeffrey@example.org
christopher buckley,29-12-1998,yhunt@example.net
meghan manning,23-10-1985,tyler24@example.com
robert jones,14-03-2002,williamcarroll@example.com
zachary rodriguez,15-10-1998,kristina94@example.com
dr. clinton hayes,19-06-1966,morganann@example.com
leonard farley,07-06-2001,jennifer00@example.com
tyler mendoza,04-11-1990,shelley79@example.com
mary wood,10-02-1989,conleyalexander@example.org
glenn reilly,09-08-1979,vcarter@example.net
mary hunt,08-04-1997,richard39@example.org
raymond caldwell,14-11-1983,opeterson@example.org
meghan garcia,14-12-1983,kathleenjohnson@example.net
jacob walton,10-02-1985,shannonparker@example.com
megan holloway,20-02-1984,barnesperry@example.net
terry james,12-11-1979,susan98@example.org
ryan anderson,12-06-1965,cruzshane@example.com
brian edwards,13-06-1965,annamcdonald@example.net
christopher hernandez,12-10-1975,cunninghamcheryl@example.net
rachel sanders,23-04-1968,wbates@example.com
stanley cooper,18-05-1994,johnsonamy@example.net
eric kent,17-09-2004,kstevens@example.net
andrew lee,31-01-1985,susan38@example.com
ronald ortiz,30-06-2001,vicki31@example.org
jennifer johnson,24-10-1992,renee48@example.com
jessica lindsey,03-05-1992,rhonda84@example.net
john wyatt,20-06-1980,laura29@example.org
jose vaughan,18-04-1970,prussell@example.org
elizabeth jones,15-03-1996,zdavidson@example.com
albert patterson,21-07-1974,fwelch@example.net
debra ho,01-11-1987,michael56@example.net
robert hardy,13-06-1967,chaseclark@example.net
michael long,17-09-1989,kendrajones@example.com
melinda perez,27-12-1970,enash@example.org
virginia hughes,21-08-1978,webstercody@example.net
jeff smith,11-01-1972,proctorjessica@example.net
james french,02-12-1995,kristifernandez@example.com
catherine king,17-10-1965,harrispeter@example.com
erica stewart,16-03-1987,careyscott@example.org
veronica rojas,07-09-1978,ashleystevens@example.org
james randolph,29-06-2002,castanedajessica@example.org
kristen lawrence,27-01-1996,turnerann@example.net
amanda bennett,02-10-1976,ufuentes@example.net
mary ramirez,15-05-1972,nmiller@example.org
andrew jackson,10-04-1997,ddowns@example.com
victoria hanna,26-02-1978,campbellkatherine@example.org
kevin rodriguez,04-12-1988,kevinbrown@example.net
terri caldwell,23-06-1995,phillipsjason@example.net
matthew davenport,13-01-1972,jonesjustin@example.org
johnny delgado,20-10-1966,veverett@example.net
brian lawson,25-03-1997,kirbychristopher@example.net
benjamin le,06-03-1991,ianduncan@example.com
stacey gonzalez,25-03-1973,christopher95@example.org
vicki quinn,21-09-1991,christinafox@example.org
robert jenkins,04-03-2003,jacksonjames@example.org
jessica thomas,23-07-1972,kfarrell@example.com
ian martin,10-07-2000,moraleslindsey@example.org
kyle johnson,29-05-1978,jared77@example.com
teresa bradford,03-06-1973,lisa30@example.com
kayla lopez,20-12-1990,cserrano@example.com
rachel ray,25-12-1982,justin48@example.org
tyler kelley,08-11-1980,kreed@example.net
casey nelson,30-12-1966,sarah03@example.org
gregory martinez,23-10-1994,ldoyle@example.net
teresa merritt,11-04-1979,phillipschristopher@example.org
ashley brown,12-09-1977,kellerhailey@example.org
christopher perez,15-12-1999,browneric@example.org
heather gilbert,23-04-1976,vpruitt@example.com
brenda wallace,11-03-1997,scarpenter@example.com
mckenzie johnson,04-04-1964,devin58@example.net
jason garza,20-06-1970,millermichael@example.org
alexandria evans,17-11-1985,kwilson@example.org
justin anderson,09-02-1985,jerryharris@example.org
raymond henderson,21-11-1981,francispaul@example.org
james rodriguez,01-06-1986,tmurphy@example.com
mrs. ashley perez,16-12-1997,roy41@example.org
joshua owens,15-02-1977,trice@example.com
jasmin burns,08-04-1993,kellymisty@example.net
tracy schultz,19-02-1981,lindawhitney@example.com
nicole moran,04-11-1976,breid@example.com
david patrick,30-03-1987,bmcdonald@example.com
paul martinez,02-07-1973,johnsoncaleb@example.org
kim lewis,26-09-1993,fisherchristopher@example.com
lisa rose,30-08-1993,rogerscynthia@example.com
denise lee,10-08-1985,varmstrong@example.net
peggy kim,14-08-1981,cristian99@example.org
teresa douglas,10-12-1967,kelseysanford@example.org
anthony graham,02-09-2004,jenniferlucas@example.com
larry johnston,08-05-1996,shamilton@example.net
eric miller,28-02-1988,dcummings@example.org
william stokes,08-06-2002,phillipbrewer@example.org
michael kim,27-12-1964,angelabradford@example.net
sydney willis,05-09-1977,jonesmichael@example.org
lisa parker,22-10-1992,xperez@example.net
claudia weber,11-09-1970,dominguezdouglas@example.com
paul trujillo,27-05-1995,rachel66@example.org
michael horne,19-06-2002,plee@example.org
shannon campos,24-12-1996,josephvincent@example.com
gregory williams,01-09-1995,cassandra88@example.org
katrina harrison,05-07-1985,umalone@example.org
edward peterson,13-11-1966,donald37@example.net
terry vazquez,08-09-1986,kathleengarcia@example.net
colleen mcclain,20-10-1966,rebeccacoleman@example.org
april allen,17-11-1979,timothy53@example.net
chris gonzalez,09-08-1982,toddmcgee@example.com
sarah hayes,13-01-1977,alexanderkim@example.org
taylor luna,29-03-1970,vmills@example.com
andrea erickson,29-12-1981,jamesgregory@example.com
steven jackson,01-08-1997,michaelphillips@example.org
michael brown,07-01-1968,edwardsmichael@example.org
paul marshall,22-10-1968,amanda92@example.com
manuel carroll,06-02-2004,johnhawkins@example.net
sheila knapp,22-05-1966,riverakevin@example.org
ashley lewis,02-12-1984,nichole71@example.org
jason gutierrez,17-09-1973,mwarren@example.net
eric smith,17-06-1972,omartin@example.org
leslie jackson,31-12-1988,jonwashington@example.org
tammy smith,07-04-1992,wesleyfoley@example.net
antonio white,19-07-1965,vanganthony@example.org
lawrence curtis,11-10-1994,rbartlett@example.org
taylor davis,12-09-1989,davisjulia@example.org
deborah parker,17-07-2001,brittanycole@example.org
stephanie collins,05-07-1979,david57@example.net
nicholas garcia,06-08-1976,andrewjohnson@example.com
mark cooper,24-07-2001,lcabrera@example.org
taylor thomas,02-12-1971,david20@example.org
charles weber,31-05-1989,reyesmegan@example.com
don padilla,01-06-1977,george66@example.com
sean williams,01-10-1983,ubailey@example.org
christopher riggs,01-02-1987,erinkelly@example.net
carol kline,10-12-1979,danielwilliams@example.com
mrs. madison jackson,09-08-1970,lauragross@example.com
bryan wells,17-03-1969,thomas81@example.org
chelsea smith,24-11-1988,kathleen04@example.org
stacey suarez,09-12-1980,perkinsjillian@example.net
christy montgomery,08-07-1993,eking@example.org
mr. steven reynolds,19-06-1977,hallandrea@example.com
matthew cole,31-08-1991,gporter@example.net
christopher owens,03-02-1972,jose45@example.org
richard white,17-05-1984,daniel06@example.org
william holt,11-05-1993,upeters@example.net
anthony richardson,15-06-1986,lmurphy@example.com
fernando jenkins,17-11-1967,schmidthelen@example.org
mrs. jacqueline taylor,02-06-1965,nchapman@example.net
jared daniels,29-08-1964,hudsonlisa@example.org
michael reyes,27-09-1993,andreaharper@example.org
ronald baker,21-07-2003,parkerscott@example.com
jonathan anderson,30-11-1979,halldavid@example.com
mrs. melissa lee phd,25-10-1982,hesternicholas@example.net
laurie alvarez,25-08-1966,misty95@example.com
matthew clark,09-03-1984,rhonda17@example.net
holly ward,22-02-1973,jsharp@example.org
deborah hutchinson,10-09-1969,seanhaynes@example.com
taylor schwartz,11-05-1971,johnsonapril@example.net
lisa johnson,01-05-1967,cyoung@example.net
david lee,07-05-1998,emcneil@example.com
brandy randall,02-08-1994,qduncan@example.org
donna bradley,26-08-1985,anthonyrobinson@example.net
mary murray,10-09-1969,heather50@example.com
steven strong,10-12-1986,adrienneperez@example.com
rachel valencia,05-02-1989,greg19@example.net
amanda berg,15-03-1997,dominguezjimmy@example.com
dennis bolton,13-12-1990,nicholasespinoza@example.org
tyler kerr ii,10-02-1977,delacruzlinda@example.com
phillip rogers,30-07-1996,daviesnatalie@example.net
clayton rosario,30-07-1979,mjones@example.net
tammy valencia,26-06-1971,matthewcampbell@example.org
michael johnson,01-08-1976,melindadrake@example.org
rodney weaver,03-03-1967,tracey84@example.net
melissa martinez,30-08-1971,kendra53@example.net
kathleen morgan,05-01-1987,kathryn30@example.net
nicole underwood,23-03-2001,woodwarddenise@example.org
matthew stevens,30-03-1969,jacksonsean@example.net
cesar hunter,23-12-1979,tsmith@example.com
dominique shannon,16-04-1984,jsampson@example.com
samantha arias,26-12-1969,greenmalik@example.net
breanna brown,13-10-1980,chapmanmonica@example.org
deanna saunders,18-04-1993,karen24@example.org
kyle king,01-06-1989,qcruz@example.org
rodney skinner,06-04-1964,hunternicole@example.com
brian gamble,04-08-1985,samanthameyer@example.com
brenda reyes,02-09-1997,cjefferson@example.net
john patterson,24-08-1993,fparker@example.com
paul nunez,09-11-1993,eric11@example.net
abigail williams,30-01-1969,lpeterson@example.com
scott nicholson,23-10-1991,gabriel10@example.org
kim ortiz,24-03-2000,jeremy53@example.org
ann sharp,13-05-1970,eperez@example.org
denise jones,30-09-1978,kaitlyn42@example.com
jessica obrien,29-10-1967,wbullock@example.com
mrs. sarah huber dvm,05-05-1999,mary24@example.org
lindsey williams,07-01-1990,andreasanchez@example.org
cynthia taylor,15-07-1992,johnsonmark@example.com
kimberly cowan,16-10-1971,jenniferfox@example.com
samuel perez dds,22-02-1990,susandavis@example.com
dustin henry,28-08-1974,connerkaren@example.org
hannah soto,25-07-1967,wilsoncheryl@example.net
jordan brown,30-01-1975,coryhall@example.org
michael gordon,18-01-1984,gordonjeffrey@example.com
randy white,06-12-1997,kgoodwin@example.com
brian hernandez,24-03-1996,mdelacruz@example.com
bryan watts,08-05-1978,williamcook@example.org
diane sawyer,20-12-1990,efarmer@example.org
julie gibson,19-08-1985,lewiskayla@example.net
rachel erickson,08-05-1972,whitney25@example.net
devin hansen,16-12-1976,diane96@example.com
grace johnson,22-04-2003,ryanhill@example.org
brandi serrano,17-02-1976,aprilpruitt@example.net
daniel morgan,19-05-1964,reneemills@example.net
rachel andrade,14-08-1981,reillymarisa@example.org
alexandra maldonado,31-03-1993,jamiehughes@example.org
sarah ward,08-03-1991,smason@example.com
mrs. jacqueline conley dds,26-03-1973,cshea@example.net
rodney walker,30-12-1989,josephgarcia@example.net
jeffery brown,16-12-2003,carolyn12@example.com
rebecca smith,03-01-1966,andrew01@example.com
lori turner,26-04-1965,anna74@example.com
heather park,07-03-1996,ogarcia@example.net
robert ford,07-11-1964,qdavies@example.net
nathan taylor,25-04-1995,susanbowen@example.com
mrs. tanya brown md,02-11-1964,esmith@example.net
edward brown,23-01-1978,destiny81@example.org
louis dougherty,29-04-1964,yhanna@example.net
debbie carroll,11-09-1974,mcgeemeghan@example.net
nicholas hill,19-04-2004,connerjohn@example.org
mark medina,28-03-1991,jason37@example.com
patrick reed,07-05-2003,jlawrence@example.org
joseph smith,17-09-1998,emily81@example.com
patrick valencia,09-05-1991,daniel52@example.net
stephanie cobb,20-06-2002,howellkimberly@example.com
sheila thomas,18-06-2000,rachel96@example.net
donna austin,16-02-1992,melissa57@example.net
joseph thomas,06-05-1993,tberry@example.org
taylor shepherd,14-02-1966,hugheskimberly@example.net
christopher lewis,01-11-2002,llee@example.org
dr. patrick willis,18-05-1973,angelacohen@example.org
brian reyes,30-04-2000,amberperez@example.net
frank jacobson,14-08-2000,kimdanny@example.net
kimberly mccormick,04-04-2004,lisawalters@example.org
louis reeves,17-06-2004,edward48@example.com
cassandra durham,20-07-1994,whenry@example.com
marc smith,28-10-1975,melissa67@example.org
kristen skinner,01-06-1982,trevorrodriguez@example.org
kimberly rodriguez,12-02-1994,ryanana@example.com
mr. brandon reeves,14-02-1988,tammy30@example.com
monica williams,11-12-1995,vlyons@example.net
stephanie martin,20-02-1976,williamrodriguez@example.com
amber harris,15-05-1975,dkelley@example.org
jonathan hoffman,04-11-1996,ronald97@example.net
steven young,03-09-1980,vaughnfrancisco@example.com
jordan gutierrez,23-10-1997,joshuarowland@example.org
tammy reed,05-05-1980,wyatt26@example.org
anna brown,26-11-1982,bshort@example.com
christian gonzalez,19-11-1977,yacosta@example.net
laura pierce,05-01-1965,eleonard@example.net
stephanie simpson,03-12-1979,lisahuber@example.net
dennis foster,26-11-1998,bakervanessa@example.org
robert kennedy,04-04-1993,mayeramanda@example.com
mr. james ramos,05-04-1981,heatherwatson@example.net
kenneth gutierrez,02-03-1965,hudsoncarlos@example.org
yvette powell,08-06-1968,barrettlaurie@example.org
douglas gibbs,14-04-1981,mary27@example.com
gary pearson,13-12-1990,zlewis@example.org
amanda jimenez,19-01-1976,amoran@example.net
marc garcia,19-01-1974,qsmith@example.net
hannah ball,04-07-1992,zhoward@example.net
larry adkins,08-09-1971,craigsandra@example.com
carl pratt,07-06-1981,jonesshelby@example.com
jonathan simmons,20-09-1976,donald28@example.org
jacqueline cook,23-09-2002,icarter@example.org
shelby dennis,20-04-1987,michaelcardenas@example.org
hannah jones,25-09-1968,rweiss@example.org
jeffery leach,15-04-1975,glindsey@example.org
brenda thomas,01-09-1969,johnsimon@example.org
amanda smith,20-09-2000,danielsrichard@example.com
roger oconnor,04-02-2000,andreabaird@example.com
jeffrey martinez,18-06-1990,kgross@example.org
joshua barrera,06-07-1968,llynch@example.net
stephanie rogers,28-06-1995,barbaramoore@example.org
mrs. amanda schmitt dds,15-10-1971,denise27@example.org
jessica payne,12-04-1971,davisjill@example.com
robert brown,24-05-1979,joconnell@example.com
kristie lara,06-04-1997,alecgreen@example.org
anthony cole,16-11-1971,lawsonmichael@example.com
barbara johnson,05-07-1971,arianahernandez@example.com
jason chapman,04-07-2004,ftaylor@example.org
cesar turner,14-08-2002,dthomas@example.com
hannah brown,31-12-1964,hsexton@example.com
terri gonzales,13-11-1984,qblankenship@example.net
shannon vasquez,16-07-1980,thomasjonathan@example.org
alejandro smith,14-04-1991,michellechavez@example.com
cheryl white,08-05-2003,nvalenzuela@example.org
monica odom,02-10-1995,cperez@example.org
jeremy ramsey,18-10-1967,rmcguire@example.net
jonathan harris,27-10-1980,bianca40@example.com
jonathan west,27-11-1977,hannah05@example.com
christopher wells,26-06-2002,jameshayes@example.org
jeremiah watson,07-03-1992,nbush@example.com
ronald sanchez,12-02-1987,smithjennifer@example.com
traci robinson,31-12-1998,darren58@example.com
jessica ray,08-12-1976,amber76@example.com
kyle snyder,14-09-2000,bgamble@example.net
carmen hoffman,27-03-1980,deanshannon@example.org
michele vasquez,27-05-1970,angel96@example.com
eric walters,05-09-1964,veronicajohnson@example.net
jamie jones,07-03-1992,rbailey@example.org
scott meyer,04-06-1982,edward77@example.net
dustin roberts,24-02-1992,zmoore@example.org
kristin perkins,06-06-1996,jennifertaylor@example.org
kristopher stone,12-04-1973,ubrown@example.net
haley lee,08-07-1974,christopher06@example.net
stacey hull dds,29-01-1986,jharrington@example.net
ethan cunningham,17-05-2000,randytate@example.com
michael stevenson,08-02-1985,campbellronald@example.com
emily cole,11-04-1975,jamesmaxwell@example.net
lindsay ray,27-02-1980,timothy49@example.org
amanda brewer,23-03-1969,jason04@example.org
timothy jones,01-11-1998,melissa73@example.org
jessica madden,17-04-2000,michelle40@example.org
cindy reyes,23-06-2002,morrisscott@example.net
brian wells,21-11-1967,pjackson@example.net
tyler sawyer,30-12-1983,ljohns@example.net
linda woodward,19-09-1998,clarkrobert@example.com
sarah owens,03-12-2001,kristin80@example.net
george villegas,10-06-1999,annafox@example.net
christopher roberts,07-05-1978,tonychambers@example.org
brian daniels md,29-06-1999,mshepherd@example.com
bryan baker,08-01-1991,thomaswilliam@example.net
michael johnson,11-03-2000,guzmanrichard@example.org
maria rodriguez,12-01-2002,housegary@example.net
keith miller,20-05-1971,andrew79@example.com
cynthia stephenson,23-06-1983,greenmichael@example.net
lindsey vasquez,03-08-1977,stephanie11@example.org
heidi mays,24-06-1995,brittanyjones@example.com
matthew sexton,28-09-1969,qsmall@example.com
jake gonzales,21-07-2000,ryan26@example.com
linda love,23-08-1977,prestonjenna@example.org
andrew powell,01-03-2003,bellbenjamin@example.net
erika ingram,01-02-2000,dustinterry@example.org
anthony morris,14-08-1978,jamesfisher@example.com
joshua hamilton,30-10-1963,jonathanmorrow@example.net
isaiah cunningham,07-03-1972,jacksondylan@example.net
kenneth williams,03-11-1967,xrogers@example.net
karen rose,12-05-1967,kathleengardner@example.com
adam gibson,21-01-2002,richardcoleman@example.net
michele rivera,28-11-2003,alexis74@example.com
gary daniels,05-05-1987,kara82@example.org
jennifer cobb,14-08-1975,holly51@example.org
christopher black,08-03-1972,garciajonathan@example.net
carrie miller,18-09-1978,walkersamantha@example.com
jonathan lara,11-03-1987,darryl88@example.net
james paul,08-06-1986,bryce30@example.org
julia davidson,28-10-2001,james25@example.org
zachary martinez,05-10-1990,martin88@example.net
tiffany collier,21-10-1970,dillon30@example.com
shannon rivera,29-12-1979,fhorton@example.com
duane keith,10-08-1988,reidmary@example.org
michael foster,27-06-1989,wstewart@example.com
ashley miles,24-11-1993,nmullins@example.org
deanna webb,19-12-1992,njackson@example.org
ashley johnson,12-03-1988,cynthiabell@example.org
kimberly lester,28-02-1985,kristinsmith@example.com
denise taylor,30-06-1985,robertswilliam@example.net
alexander gregory,02-08-1964,schneidermary@example.org
benjamin perez,13-10-1968,lrodriguez@example.com
michael long,16-03-1972,xoneal@example.net
mary vega,14-05-1986,baileylindsey@example.org
gina perez,06-04-1966,qgonzalez@example.com
roy buck,10-07-1983,catherine70@example.net
margaret olsen,10-08-1997,qrodriguez@example.com
jessica ayala,05-01-1999,lonnieali@example.com
veronica paul,01-05-1986,anthony48@example.org
jocelyn moore,26-06-1980,robert97@example.org
